{
  "POST Withdraw 50-189" : {
    "transaction" : "POST Withdraw 50-189",
    "sampleCount" : 33298,
    "errorCount" : 0,
    "errorPct" : 0.0,
    "meanResTime" : 4.544867559613202,
    "medianResTime" : 2.0,
    "minResTime" : 0.0,
    "maxResTime" : 872.0,
    "pct1ResTime" : 4.0,
    "pct2ResTime" : 5.0,
    "pct3ResTime" : 17.0,
    "throughput" : 1675.9613448761827,
    "receivedKBytesPerSec" : 451.2378868500856,
    "sentKBytesPerSec" : 472.41908903450275
  },
  "POST Deposit 50-189" : {
    "transaction" : "POST Deposit 50-189",
    "sampleCount" : 33755,
    "errorCount" : 0,
    "errorPct" : 0.0,
    "meanResTime" : 4.658480225151815,
    "medianResTime" : 2.0,
    "minResTime" : 0.0,
    "maxResTime" : 872.0,
    "pct1ResTime" : 4.0,
    "pct2ResTime" : 5.0,
    "pct3ResTime" : 17.0,
    "throughput" : 1699.048673679972,
    "receivedKBytesPerSec" : 457.5090858112699,
    "sentKBytesPerSec" : 477.26286052247445
  },
  "Total" : {
    "transaction" : "Total",
    "sampleCount" : 67054,
    "errorCount" : 0,
    "errorPct" : 0.0,
    "meanResTime" : 4.602126644197226,
    "medianResTime" : 2.0,
    "minResTime" : 0.0,
    "maxResTime" : 872.0,
    "pct1ResTime" : 4.0,
    "pct2ResTime" : 5.0,
    "pct3ResTime" : 21.0,
    "throughput" : 3374.9748339037646,
    "receivedKBytesPerSec" : 908.7375113247434,
    "sentKBytesPerSec" : 949.672378715145
  },
  "POST Initial Deposit" : {
    "transaction" : "POST Initial Deposit",
    "sampleCount" : 1,
    "errorCount" : 0,
    "errorPct" : 0.0,
    "meanResTime" : 9.0,
    "medianResTime" : 9.0,
    "minResTime" : 9.0,
    "maxResTime" : 9.0,
    "pct1ResTime" : 9.0,
    "pct2ResTime" : 9.0,
    "pct3ResTime" : 9.0,
    "throughput" : 111.1111111111111,
    "receivedKBytesPerSec" : 29.947916666666668,
    "sentKBytesPerSec" : 31.901041666666668
  }
}